strike1,rake1,dip1,strike2,rake2,dip2,ptr,ppl,ttr,tpl
338.5492461473404,108.54340879212666,72.39114537214256,110.59519796257138,44.9428087616892,25.356653629725322,54.16413262524662,25.155209970611445,274.06316562045623,58.52803788327845
159.68477176774996,-45.14043888377095,64.51594165491966,273.0671903715726,-145.95229430799026,50.21776153437927,119.4073637342239,49.173889768081324,219.39698705513544,8.52365669768789
242.7344606297053,-108.43549001304869,72.33227039332832,110.41783092093104,-45.206117641191874,25.31997595955511,127.29836030684267,58.62542423367907,347.0332716919846,25.123645539239284
159.76359840297877,45.049739334936916,64.50877356057165,46.44172149439791,145.9859413532013,50.29576882703086,280.10043494059516,8.476146446654688,20.012528611182802,49.11604689973175
110.65664208518905,45.093524597448955,64.4883929823803,357.2873588324713,145.94125481599124,50.26756109427246,230.96800956605065,8.478507288774777,330.89825295922014,49.15937864405536
110.58287544245675,-45.11191584311549,64.52161329143904,223.94018860116117,-145.97235657752847,50.23914797378497,70.30744870423545,49.15057877383873,170.27906069251725,8.515564573344955
291.8472652448702,-108.50710988576706,72.36579821349305,159.7016822125966,-45.04089806532315,25.347974794915043,176.35556335044777,58.565810665636384,36.202704457387945,25.139242076990648
27.670217618322962,108.4895534532333,72.34826223785431,159.87226792361326,45.09749281306141,25.347348862043365,103.32974222856228,25.126399092471026,323.1548726452428,58.5888395476502
